https://news.ycombinator.com,mozjj45,abc1234567890
https://news.ycombinator.com,mozjj45,abc1234567890
https://news.ycombinator.com,mozjj45,abc1234567890
https://news.ycombinator.com,mozjj45,abc1234567890
https://news.ycombinator.com,mozjj45,abc1234567890
https://news.ycombinator.com,mozjj45,abc1234567890
https://news.ycombinator.com,mozjj45,abc1234567890
https://news.ycombinator.com,mozjj45,abc1234567890
https://news.ycombinator.com,mozjj45,abc1234567890
https://news.ycombinator.com,mozjj45,abc1234567890
